state_code,county_code,site_number,parameter_code,poc,latitude,longitude,datum,parameter,date_local,time_local,date_gmt,time_gmt,sample_measurement,units_of_measure,units_of_measure_code,sample_duration,sample_duration_code,sample_frequency,detection_limit,uncertainty,qualifier,method_type,method,method_code,state,county,date_of_last_change,cbsa_code
39,035,0038,88101,1,41.477011,-81.682383,NAD83,PM2.5 - Local Conditions,2024-11-02,00:00,2024-11-02,05:00,3.8,Micrograms/cubic meter (LC),105,24 HOUR,7,EVERY 3RD DAY,2,NA,NA,FRM,R & P Model 2025 PM-2.5 Sequential Air Sampler w/VSCC - Gravimetric,145,Ohio,Cuyahoga,2025-01-07,17460
39,035,0038,88101,1,41.477011,-81.682383,NAD83,PM2.5 - Local Conditions,2024-11-05,00:00,2024-11-05,05:00,6.4,Micrograms/cubic meter (LC),105,24 HOUR,7,EVERY 3RD DAY,2,NA,NA,FRM,R & P Model 2025 PM-2.5 Sequential Air Sampler w/VSCC - Gravimetric,145,Ohio,Cuyahoga,2025-01-07,17460
39,035,0038,88101,1,41.477011,-81.682383,NAD83,PM2.5 - Local Conditions,2024-11-08,00:00,2024-11-08,05:00,4.4,Micrograms/cubic meter (LC),105,24 HOUR,7,EVERY 3RD DAY,2,NA,NA,FRM,R & P Model 2025 PM-2.5 Sequential Air Sampler w/VSCC - Gravimetric,145,Ohio,Cuyahoga,2025-01-07,17460
39,035,0038,88101,1,41.477011,-81.682383,NAD83,PM2.5 - Local Conditions,2024-11-11,00:00,2024-11-11,05:00,3,Micrograms/cubic meter (LC),105,24 HOUR,7,EVERY 3RD DAY,2,NA,NA,FRM,R & P Model 2025 PM-2.5 Sequential Air Sampler w/VSCC - Gravimetric,145,Ohio,Cuyahoga,2025-01-07,17460
39,035,0038,88101,1,41.477011,-81.682383,NAD83,PM2.5 - Local Conditions,2024-11-14,00:00,2024-11-14,05:00,7.9,Micrograms/cubic meter (LC),105,24 HOUR,7,EVERY 3RD DAY,2,NA,NA,FRM,R & P Model 2025 PM-2.5 Sequential Air Sampler w/VSCC - Gravimetric,145,Ohio,Cuyahoga,2025-01-07,17460
39,035,0038,88101,1,41.477011,-81.682383,NAD83,PM2.5 - Local Conditions,2024-11-17,00:00,2024-11-17,05:00,9.7,Micrograms/cubic meter (LC),105,24 HOUR,7,EVERY 3RD DAY,2,NA,NA,FRM,R & P Model 2025 PM-2.5 Sequential Air Sampler w/VSCC - Gravimetric,145,Ohio,Cuyahoga,2025-01-07,17460
39,035,0038,88101,1,41.477011,-81.682383,NAD83,PM2.5 - Local Conditions,2024-11-20,00:00,2024-11-20,05:00,6.7,Micrograms/cubic meter (LC),105,24 HOUR,7,EVERY 3RD DAY,2,NA,NA,FRM,R & P Model 2025 PM-2.5 Sequential Air Sampler w/VSCC - Gravimetric,145,Ohio,Cuyahoga,2025-01-07,17460
39,035,0038,88101,1,41.477011,-81.682383,NAD83,PM2.5 - Local Conditions,2024-11-23,00:00,2024-11-23,05:00,1.7,Micrograms/cubic meter (LC),105,24 HOUR,7,EVERY 3RD DAY,2,NA,NA,FRM,R & P Model 2025 PM-2.5 Sequential Air Sampler w/VSCC - Gravimetric,145,Ohio,Cuyahoga,2025-01-07,17460
39,035,0038,88101,1,41.477011,-81.682383,NAD83,PM2.5 - Local Conditions,2024-11-26,00:00,2024-11-26,05:00,4.2,Micrograms/cubic meter (LC),105,24 HOUR,7,EVERY 3RD DAY,2,NA,NA,FRM,R & P Model 2025 PM-2.5 Sequential Air Sampler w/VSCC - Gravimetric,145,Ohio,Cuyahoga,2025-01-07,17460
39,035,0038,88101,1,41.477011,-81.682383,NAD83,PM2.5 - Local Conditions,2024-11-29,00:00,2024-11-29,05:00,6.4,Micrograms/cubic meter (LC),105,24 HOUR,7,EVERY 3RD DAY,2,NA,NA,FRM,R & P Model 2025 PM-2.5 Sequential Air Sampler w/VSCC - Gravimetric,145,Ohio,Cuyahoga,2025-01-07,17460
39,035,0038,88101,1,41.477011,-81.682383,NAD83,PM2.5 - Local Conditions,2024-12-02,00:00,2024-12-02,05:00,7.9,Micrograms/cubic meter (LC),105,24 HOUR,7,EVERY 3RD DAY,2,NA,NA,FRM,R & P Model 2025 PM-2.5 Sequential Air Sampler w/VSCC - Gravimetric,145,Ohio,Cuyahoga,2025-02-05,17460
39,035,0038,88101,1,41.477011,-81.682383,NAD83,PM2.5 - Local Conditions,2024-12-05,00:00,2024-12-05,05:00,1.9,Micrograms/cubic meter (LC),105,24 HOUR,7,EVERY 3RD DAY,2,NA,NA,FRM,R & P Model 2025 PM-2.5 Sequential Air Sampler w/VSCC - Gravimetric,145,Ohio,Cuyahoga,2025-02-05,17460
39,035,0038,88101,1,41.477011,-81.682383,NAD83,PM2.5 - Local Conditions,2024-12-08,00:00,2024-12-08,05:00,9.8,Micrograms/cubic meter (LC),105,24 HOUR,7,EVERY 3RD DAY,2,NA,NA,FRM,R & P Model 2025 PM-2.5 Sequential Air Sampler w/VSCC - Gravimetric,145,Ohio,Cuyahoga,2025-02-05,17460
39,035,0038,88101,1,41.477011,-81.682383,NAD83,PM2.5 - Local Conditions,2024-12-11,00:00,2024-12-11,05:00,9.6,Micrograms/cubic meter (LC),105,24 HOUR,7,EVERY 3RD DAY,2,NA,NA,FRM,R & P Model 2025 PM-2.5 Sequential Air Sampler w/VSCC - Gravimetric,145,Ohio,Cuyahoga,2025-02-05,17460
39,035,0038,88101,1,41.477011,-81.682383,NAD83,PM2.5 - Local Conditions,2024-12-14,00:00,2024-12-14,05:00,12.3,Micrograms/cubic meter (LC),105,24 HOUR,7,EVERY 3RD DAY,2,NA,NA,FRM,R & P Model 2025 PM-2.5 Sequential Air Sampler w/VSCC - Gravimetric,145,Ohio,Cuyahoga,2025-02-05,17460
39,035,0038,88101,1,41.477011,-81.682383,NAD83,PM2.5 - Local Conditions,2024-12-17,00:00,2024-12-17,05:00,8.1,Micrograms/cubic meter (LC),105,24 HOUR,7,EVERY 3RD DAY,2,NA,NA,FRM,R & P Model 2025 PM-2.5 Sequential Air Sampler w/VSCC - Gravimetric,145,Ohio,Cuyahoga,2025-02-05,17460
39,035,0038,88101,1,41.477011,-81.682383,NAD83,PM2.5 - Local Conditions,2024-12-20,00:00,2024-12-20,05:00,8.9,Micrograms/cubic meter (LC),105,24 HOUR,7,EVERY 3RD DAY,2,NA,NA,FRM,R & P Model 2025 PM-2.5 Sequential Air Sampler w/VSCC - Gravimetric,145,Ohio,Cuyahoga,2025-02-05,17460
39,035,0038,88101,1,41.477011,-81.682383,NAD83,PM2.5 - Local Conditions,2024-12-23,00:00,2024-12-23,05:00,9.3,Micrograms/cubic meter (LC),105,24 HOUR,7,EVERY 3RD DAY,2,NA,NA,FRM,R & P Model 2025 PM-2.5 Sequential Air Sampler w/VSCC - Gravimetric,145,Ohio,Cuyahoga,2025-02-05,17460
39,035,0038,88101,1,41.477011,-81.682383,NAD83,PM2.5 - Local Conditions,2024-12-26,00:00,2024-12-26,05:00,11.3,Micrograms/cubic meter (LC),105,24 HOUR,7,EVERY 3RD DAY,2,NA,NA,FRM,R & P Model 2025 PM-2.5 Sequential Air Sampler w/VSCC - Gravimetric,145,Ohio,Cuyahoga,2025-02-05,17460
39,035,0038,88101,1,41.477011,-81.682383,NAD83,PM2.5 - Local Conditions,2024-12-29,00:00,2024-12-29,05:00,6.5,Micrograms/cubic meter (LC),105,24 HOUR,7,EVERY 3RD DAY,2,NA,NA,FRM,R & P Model 2025 PM-2.5 Sequential Air Sampler w/VSCC - Gravimetric,145,Ohio,Cuyahoga,2025-02-05,17460
39,035,0038,88101,2,41.477011,-81.682383,NAD83,PM2.5 - Local Conditions,2024-11-02,00:00,2024-11-02,05:00,3.7,Micrograms/cubic meter (LC),105,24 HOUR,7,EVERY 3RD DAY,2,NA,NA,FRM,R & P Model 2025 PM-2.5 Sequential Air Sampler w/VSCC - Gravimetric,145,Ohio,Cuyahoga,2025-01-07,17460
39,035,0038,88101,2,41.477011,-81.682383,NAD83,PM2.5 - Local Conditions,2024-11-05,00:00,2024-11-05,05:00,6.4,Micrograms/cubic meter (LC),105,24 HOUR,7,EVERY 3RD DAY,2,NA,NA,FRM,R & P Model 2025 PM-2.5 Sequential Air Sampler w/VSCC - Gravimetric,145,Ohio,Cuyahoga,2025-01-07,17460
39,035,0038,88101,2,41.477011,-81.682383,NAD83,PM2.5 - Local Conditions,2024-11-08,00:00,2024-11-08,05:00,4.5,Micrograms/cubic meter (LC),105,24 HOUR,7,EVERY 3RD DAY,2,NA,NA,FRM,R & P Model 2025 PM-2.5 Sequential Air Sampler w/VSCC - Gravimetric,145,Ohio,Cuyahoga,2025-01-07,17460
39,035,0038,88101,2,41.477011,-81.682383,NAD83,PM2.5 - Local Conditions,2024-11-11,00:00,2024-11-11,05:00,2.9,Micrograms/cubic meter (LC),105,24 HOUR,7,EVERY 3RD DAY,2,NA,NA,FRM,R & P Model 2025 PM-2.5 Sequential Air Sampler w/VSCC - Gravimetric,145,Ohio,Cuyahoga,2025-01-07,17460
39,035,0038,88101,2,41.477011,-81.682383,NAD83,PM2.5 - Local Conditions,2024-11-14,00:00,2024-11-14,05:00,8.4,Micrograms/cubic meter (LC),105,24 HOUR,7,EVERY 3RD DAY,2,NA,NA,FRM,R & P Model 2025 PM-2.5 Sequential Air Sampler w/VSCC - Gravimetric,145,Ohio,Cuyahoga,2025-01-07,17460
39,035,0038,88101,2,41.477011,-81.682383,NAD83,PM2.5 - Local Conditions,2024-11-17,00:00,2024-11-17,05:00,9.8,Micrograms/cubic meter (LC),105,24 HOUR,7,EVERY 3RD DAY,2,NA,NA,FRM,R & P Model 2025 PM-2.5 Sequential Air Sampler w/VSCC - Gravimetric,145,Ohio,Cuyahoga,2025-01-07,17460
39,035,0038,88101,2,41.477011,-81.682383,NAD83,PM2.5 - Local Conditions,2024-11-20,00:00,2024-11-20,05:00,6.6,Micrograms/cubic meter (LC),105,24 HOUR,7,EVERY 3RD DAY,2,NA,NA,FRM,R & P Model 2025 PM-2.5 Sequential Air Sampler w/VSCC - Gravimetric,145,Ohio,Cuyahoga,2025-01-07,17460
39,035,0038,88101,2,41.477011,-81.682383,NAD83,PM2.5 - Local Conditions,2024-11-23,00:00,2024-11-23,05:00,1.3,Micrograms/cubic meter (LC),105,24 HOUR,7,EVERY 3RD DAY,2,NA,NA,FRM,R & P Model 2025 PM-2.5 Sequential Air Sampler w/VSCC - Gravimetric,145,Ohio,Cuyahoga,2025-01-07,17460
39,035,0038,88101,2,41.477011,-81.682383,NAD83,PM2.5 - Local Conditions,2024-11-26,00:00,2024-11-26,05:00,4.7,Micrograms/cubic meter (LC),105,24 HOUR,7,EVERY 3RD DAY,2,NA,NA,FRM,R & P Model 2025 PM-2.5 Sequential Air Sampler w/VSCC - Gravimetric,145,Ohio,Cuyahoga,2025-01-07,17460
39,035,0038,88101,2,41.477011,-81.682383,NAD83,PM2.5 - Local Conditions,2024-11-29,00:00,2024-11-29,05:00,6.5,Micrograms/cubic meter (LC),105,24 HOUR,7,EVERY 3RD DAY,2,NA,NA,FRM,R & P Model 2025 PM-2.5 Sequential Air Sampler w/VSCC - Gravimetric,145,Ohio,Cuyahoga,2025-01-07,17460
39,035,0038,88101,2,41.477011,-81.682383,NAD83,PM2.5 - Local Conditions,2024-12-02,00:00,2024-12-02,05:00,8.6,Micrograms/cubic meter (LC),105,24 HOUR,7,EVERY 3RD DAY,2,NA,NA,FRM,R & P Model 2025 PM-2.5 Sequential Air Sampler w/VSCC - Gravimetric,145,Ohio,Cuyahoga,2025-02-05,17460
39,035,0038,88101,2,41.477011,-81.682383,NAD83,PM2.5 - Local Conditions,2024-12-05,00:00,2024-12-05,05:00,2.1,Micrograms/cubic meter (LC),105,24 HOUR,7,EVERY 3RD DAY,2,NA,NA,FRM,R & P Model 2025 PM-2.5 Sequential Air Sampler w/VSCC - Gravimetric,145,Ohio,Cuyahoga,2025-02-05,17460
39,035,0038,88101,2,41.477011,-81.682383,NAD83,PM2.5 - Local Conditions,2024-12-08,00:00,2024-12-08,05:00,9.9,Micrograms/cubic meter (LC),105,24 HOUR,7,EVERY 3RD DAY,2,NA,NA,FRM,R & P Model 2025 PM-2.5 Sequential Air Sampler w/VSCC - Gravimetric,145,Ohio,Cuyahoga,2025-02-05,17460
39,035,0038,88101,2,41.477011,-81.682383,NAD83,PM2.5 - Local Conditions,2024-12-11,00:00,2024-12-11,05:00,7.2,Micrograms/cubic meter (LC),105,24 HOUR,7,EVERY 3RD DAY,2,NA,NA,FRM,R & P Model 2025 PM-2.5 Sequential Air Sampler w/VSCC - Gravimetric,145,Ohio,Cuyahoga,2025-02-05,17460
39,035,0038,88101,2,41.477011,-81.682383,NAD83,PM2.5 - Local Conditions,2024-12-14,00:00,2024-12-14,05:00,12.9,Micrograms/cubic meter (LC),105,24 HOUR,7,EVERY 3RD DAY,2,NA,NA,FRM,R & P Model 2025 PM-2.5 Sequential Air Sampler w/VSCC - Gravimetric,145,Ohio,Cuyahoga,2025-02-05,17460
39,035,0038,88101,2,41.477011,-81.682383,NAD83,PM2.5 - Local Conditions,2024-12-17,00:00,2024-12-17,05:00,8.4,Micrograms/cubic meter (LC),105,24 HOUR,7,EVERY 3RD DAY,2,NA,NA,FRM,R & P Model 2025 PM-2.5 Sequential Air Sampler w/VSCC - Gravimetric,145,Ohio,Cuyahoga,2025-02-05,17460
39,035,0038,88101,2,41.477011,-81.682383,NAD83,PM2.5 - Local Conditions,2024-12-20,00:00,2024-12-20,05:00,8.9,Micrograms/cubic meter (LC),105,24 HOUR,7,EVERY 3RD DAY,2,NA,NA,FRM,R & P Model 2025 PM-2.5 Sequential Air Sampler w/VSCC - Gravimetric,145,Ohio,Cuyahoga,2025-02-05,17460
39,035,0038,88101,2,41.477011,-81.682383,NAD83,PM2.5 - Local Conditions,2024-12-23,00:00,2024-12-23,05:00,9.5,Micrograms/cubic meter (LC),105,24 HOUR,7,EVERY 3RD DAY,2,NA,NA,FRM,R & P Model 2025 PM-2.5 Sequential Air Sampler w/VSCC - Gravimetric,145,Ohio,Cuyahoga,2025-02-05,17460
39,035,0038,88101,2,41.477011,-81.682383,NAD83,PM2.5 - Local Conditions,2024-12-26,00:00,2024-12-26,05:00,11.1,Micrograms/cubic meter (LC),105,24 HOUR,7,EVERY 3RD DAY,2,NA,NA,FRM,R & P Model 2025 PM-2.5 Sequential Air Sampler w/VSCC - Gravimetric,145,Ohio,Cuyahoga,2025-02-05,17460
39,035,0038,88101,2,41.477011,-81.682383,NAD83,PM2.5 - Local Conditions,2024-12-29,00:00,2024-12-29,05:00,6.4,Micrograms/cubic meter (LC),105,24 HOUR,7,EVERY 3RD DAY,2,NA,NA,FRM,R & P Model 2025 PM-2.5 Sequential Air Sampler w/VSCC - Gravimetric,145,Ohio,Cuyahoga,2025-02-05,17460
39,035,0038,88101,1,41.477011,-81.682383,NAD83,PM2.5 - Local Conditions,2025-01-01,00:00,2025-01-01,05:00,2.4,Micrograms/cubic meter (LC),105,24 HOUR,7,EVERY 3RD DAY,2,NA,NA,FRM,R & P Model 2025 PM-2.5 Sequential Air Sampler w/VSCC - Gravimetric,145,Ohio,Cuyahoga,2025-03-11,17460
39,035,0038,88101,1,41.477011,-81.682383,NAD83,PM2.5 - Local Conditions,2025-01-04,00:00,2025-01-04,05:00,3,Micrograms/cubic meter (LC),105,24 HOUR,7,EVERY 3RD DAY,2,NA,NA,FRM,R & P Model 2025 PM-2.5 Sequential Air Sampler w/VSCC - Gravimetric,145,Ohio,Cuyahoga,2025-03-11,17460
39,035,0038,88101,1,41.477011,-81.682383,NAD83,PM2.5 - Local Conditions,2025-01-07,00:00,2025-01-07,05:00,1.7,Micrograms/cubic meter (LC),105,24 HOUR,7,EVERY 3RD DAY,2,NA,NA,FRM,R & P Model 2025 PM-2.5 Sequential Air Sampler w/VSCC - Gravimetric,145,Ohio,Cuyahoga,2025-03-11,17460
39,035,0038,88101,1,41.477011,-81.682383,NAD83,PM2.5 - Local Conditions,2025-01-10,00:00,2025-01-10,05:00,24.6,Micrograms/cubic meter (LC),105,24 HOUR,7,EVERY 3RD DAY,2,NA,NA,FRM,R & P Model 2025 PM-2.5 Sequential Air Sampler w/VSCC - Gravimetric,145,Ohio,Cuyahoga,2025-03-11,17460
39,035,0038,88101,1,41.477011,-81.682383,NAD83,PM2.5 - Local Conditions,2025-01-13,00:00,2025-01-13,05:00,5.4,Micrograms/cubic meter (LC),105,24 HOUR,7,EVERY 3RD DAY,2,NA,NA,FRM,R & P Model 2025 PM-2.5 Sequential Air Sampler w/VSCC - Gravimetric,145,Ohio,Cuyahoga,2025-03-11,17460
39,035,0038,88101,1,41.477011,-81.682383,NAD83,PM2.5 - Local Conditions,2025-01-16,00:00,2025-01-16,05:00,16.9,Micrograms/cubic meter (LC),105,24 HOUR,7,EVERY 3RD DAY,2,NA,NA,FRM,R & P Model 2025 PM-2.5 Sequential Air Sampler w/VSCC - Gravimetric,145,Ohio,Cuyahoga,2025-03-11,17460
39,035,0038,88101,1,41.477011,-81.682383,NAD83,PM2.5 - Local Conditions,2025-01-19,00:00,2025-01-19,05:00,1.9,Micrograms/cubic meter (LC),105,24 HOUR,7,EVERY 3RD DAY,2,NA,NA,FRM,R & P Model 2025 PM-2.5 Sequential Air Sampler w/VSCC - Gravimetric,145,Ohio,Cuyahoga,2025-03-11,17460
39,035,0038,88101,1,41.477011,-81.682383,NAD83,PM2.5 - Local Conditions,2025-01-22,00:00,2025-01-22,05:00,12.3,Micrograms/cubic meter (LC),105,24 HOUR,7,EVERY 3RD DAY,2,NA,NA,FRM,R & P Model 2025 PM-2.5 Sequential Air Sampler w/VSCC - Gravimetric,145,Ohio,Cuyahoga,2025-03-11,17460
39,035,0038,88101,1,41.477011,-81.682383,NAD83,PM2.5 - Local Conditions,2025-01-25,00:00,2025-01-25,05:00,15.4,Micrograms/cubic meter (LC),105,24 HOUR,7,EVERY 3RD DAY,2,NA,NA,FRM,R & P Model 2025 PM-2.5 Sequential Air Sampler w/VSCC - Gravimetric,145,Ohio,Cuyahoga,2025-03-11,17460
39,035,0038,88101,1,41.477011,-81.682383,NAD83,PM2.5 - Local Conditions,2025-01-28,00:00,2025-01-28,05:00,5.5,Micrograms/cubic meter (LC),105,24 HOUR,7,EVERY 3RD DAY,2,NA,NA,FRM,R & P Model 2025 PM-2.5 Sequential Air Sampler w/VSCC - Gravimetric,145,Ohio,Cuyahoga,2025-03-11,17460
39,035,0038,88101,1,41.477011,-81.682383,NAD83,PM2.5 - Local Conditions,2025-01-31,00:00,2025-01-31,05:00,14.8,Micrograms/cubic meter (LC),105,24 HOUR,7,EVERY 3RD DAY,2,NA,NA,FRM,R & P Model 2025 PM-2.5 Sequential Air Sampler w/VSCC - Gravimetric,145,Ohio,Cuyahoga,2025-03-11,17460
39,035,0038,88101,1,41.477011,-81.682383,NAD83,PM2.5 - Local Conditions,2025-02-03,00:00,2025-02-03,05:00,17.4,Micrograms/cubic meter (LC),105,24 HOUR,7,EVERY 3RD DAY,2,NA,NA,FRM,R & P Model 2025 PM-2.5 Sequential Air Sampler w/VSCC - Gravimetric,145,Ohio,Cuyahoga,2025-04-04,17460
39,035,0038,88101,1,41.477011,-81.682383,NAD83,PM2.5 - Local Conditions,2025-02-06,00:00,2025-02-06,05:00,8.1,Micrograms/cubic meter (LC),105,24 HOUR,7,EVERY 3RD DAY,2,NA,NA,FRM,R & P Model 2025 PM-2.5 Sequential Air Sampler w/VSCC - Gravimetric,145,Ohio,Cuyahoga,2025-04-04,17460
39,035,0038,88101,1,41.477011,-81.682383,NAD83,PM2.5 - Local Conditions,2025-02-09,00:00,2025-02-09,05:00,7.5,Micrograms/cubic meter (LC),105,24 HOUR,7,EVERY 3RD DAY,2,NA,NA,FRM,R & P Model 2025 PM-2.5 Sequential Air Sampler w/VSCC - Gravimetric,145,Ohio,Cuyahoga,2025-04-04,17460
39,035,0038,88101,1,41.477011,-81.682383,NAD83,PM2.5 - Local Conditions,2025-02-12,00:00,2025-02-12,05:00,16.2,Micrograms/cubic meter (LC),105,24 HOUR,7,EVERY 3RD DAY,2,NA,NA,FRM,R & P Model 2025 PM-2.5 Sequential Air Sampler w/VSCC - Gravimetric,145,Ohio,Cuyahoga,2025-04-04,17460
39,035,0038,88101,1,41.477011,-81.682383,NAD83,PM2.5 - Local Conditions,2025-02-15,00:00,2025-02-15,05:00,13.7,Micrograms/cubic meter (LC),105,24 HOUR,7,EVERY 3RD DAY,2,NA,NA,FRM,R & P Model 2025 PM-2.5 Sequential Air Sampler w/VSCC - Gravimetric,145,Ohio,Cuyahoga,2025-04-04,17460
39,035,0038,88101,1,41.477011,-81.682383,NAD83,PM2.5 - Local Conditions,2025-02-18,00:00,2025-02-18,05:00,5,Micrograms/cubic meter (LC),105,24 HOUR,7,EVERY 3RD DAY,2,NA,NA,FRM,R & P Model 2025 PM-2.5 Sequential Air Sampler w/VSCC - Gravimetric,145,Ohio,Cuyahoga,2025-04-04,17460
39,035,0038,88101,1,41.477011,-81.682383,NAD83,PM2.5 - Local Conditions,2025-02-21,00:00,2025-02-21,05:00,4.4,Micrograms/cubic meter (LC),105,24 HOUR,7,EVERY 3RD DAY,2,NA,NA,FRM,R & P Model 2025 PM-2.5 Sequential Air Sampler w/VSCC - Gravimetric,145,Ohio,Cuyahoga,2025-04-04,17460
39,035,0038,88101,1,41.477011,-81.682383,NAD83,PM2.5 - Local Conditions,2025-02-24,00:00,2025-02-24,05:00,12.2,Micrograms/cubic meter (LC),105,24 HOUR,7,EVERY 3RD DAY,2,NA,NA,FRM,R & P Model 2025 PM-2.5 Sequential Air Sampler w/VSCC - Gravimetric,145,Ohio,Cuyahoga,2025-04-04,17460
39,035,0038,88101,1,41.477011,-81.682383,NAD83,PM2.5 - Local Conditions,2025-02-27,00:00,2025-02-27,05:00,14.9,Micrograms/cubic meter (LC),105,24 HOUR,7,EVERY 3RD DAY,2,NA,NA,FRM,R & P Model 2025 PM-2.5 Sequential Air Sampler w/VSCC - Gravimetric,145,Ohio,Cuyahoga,2025-04-04,17460
39,035,0038,88101,1,41.477011,-81.682383,NAD83,PM2.5 - Local Conditions,2025-03-02,00:00,2025-03-02,05:00,2.9,Micrograms/cubic meter (LC),105,24 HOUR,7,EVERY 3RD DAY,2,NA,NA,FRM,R & P Model 2025 PM-2.5 Sequential Air Sampler w/VSCC - Gravimetric,145,Ohio,Cuyahoga,2025-04-30,17460
39,035,0038,88101,1,41.477011,-81.682383,NAD83,PM2.5 - Local Conditions,2025-03-05,00:00,2025-03-05,05:00,5.2,Micrograms/cubic meter (LC),105,24 HOUR,7,EVERY 3RD DAY,2,NA,NA,FRM,R & P Model 2025 PM-2.5 Sequential Air Sampler w/VSCC - Gravimetric,145,Ohio,Cuyahoga,2025-04-30,17460
39,035,0038,88101,1,41.477011,-81.682383,NAD83,PM2.5 - Local Conditions,2025-03-08,00:00,2025-03-08,05:00,3.1,Micrograms/cubic meter (LC),105,24 HOUR,7,EVERY 3RD DAY,2,NA,NA,FRM,R & P Model 2025 PM-2.5 Sequential Air Sampler w/VSCC - Gravimetric,145,Ohio,Cuyahoga,2025-04-30,17460
39,035,0038,88101,1,41.477011,-81.682383,NAD83,PM2.5 - Local Conditions,2025-03-11,00:00,2025-03-11,05:00,5.2,Micrograms/cubic meter (LC),105,24 HOUR,7,EVERY 3RD DAY,2,NA,NA,FRM,R & P Model 2025 PM-2.5 Sequential Air Sampler w/VSCC - Gravimetric,145,Ohio,Cuyahoga,2025-04-30,17460
39,035,0038,88101,1,41.477011,-81.682383,NAD83,PM2.5 - Local Conditions,2025-03-14,00:00,2025-03-14,05:00,16.9,Micrograms/cubic meter (LC),105,24 HOUR,7,EVERY 3RD DAY,2,NA,NA,FRM,R & P Model 2025 PM-2.5 Sequential Air Sampler w/VSCC - Gravimetric,145,Ohio,Cuyahoga,2025-04-30,17460
39,035,0038,88101,1,41.477011,-81.682383,NAD83,PM2.5 - Local Conditions,2025-03-17,00:00,2025-03-17,05:00,3.5,Micrograms/cubic meter (LC),105,24 HOUR,7,EVERY 3RD DAY,2,NA,NA,FRM,R & P Model 2025 PM-2.5 Sequential Air Sampler w/VSCC - Gravimetric,145,Ohio,Cuyahoga,2025-04-30,17460
39,035,0038,88101,1,41.477011,-81.682383,NAD83,PM2.5 - Local Conditions,2025-03-20,00:00,2025-03-20,05:00,6.5,Micrograms/cubic meter (LC),105,24 HOUR,7,EVERY 3RD DAY,2,NA,NA,FRM,R & P Model 2025 PM-2.5 Sequential Air Sampler w/VSCC - Gravimetric,145,Ohio,Cuyahoga,2025-04-30,17460
39,035,0038,88101,1,41.477011,-81.682383,NAD83,PM2.5 - Local Conditions,2025-03-23,00:00,2025-03-23,05:00,7.3,Micrograms/cubic meter (LC),105,24 HOUR,7,EVERY 3RD DAY,2,NA,NA,FRM,R & P Model 2025 PM-2.5 Sequential Air Sampler w/VSCC - Gravimetric,145,Ohio,Cuyahoga,2025-04-30,17460
39,035,0038,88101,1,41.477011,-81.682383,NAD83,PM2.5 - Local Conditions,2025-03-26,00:00,2025-03-26,05:00,5.6,Micrograms/cubic meter (LC),105,24 HOUR,7,EVERY 3RD DAY,2,NA,NA,FRM,R & P Model 2025 PM-2.5 Sequential Air Sampler w/VSCC - Gravimetric,145,Ohio,Cuyahoga,2025-04-30,17460
39,035,0038,88101,1,41.477011,-81.682383,NAD83,PM2.5 - Local Conditions,2025-03-29,00:00,2025-03-29,05:00,13.8,Micrograms/cubic meter (LC),105,24 HOUR,7,EVERY 3RD DAY,2,NA,NA,FRM,R & P Model 2025 PM-2.5 Sequential Air Sampler w/VSCC - Gravimetric,145,Ohio,Cuyahoga,2025-04-30,17460
39,035,0038,88101,1,41.477011,-81.682383,NAD83,PM2.5 - Local Conditions,2025-04-01,00:00,2025-04-01,05:00,5,Micrograms/cubic meter (LC),105,24 HOUR,7,EVERY 3RD DAY,2,NA,NA,FRM,R & P Model 2025 PM-2.5 Sequential Air Sampler w/VSCC - Gravimetric,145,Ohio,Cuyahoga,2025-05-30,17460
39,035,0038,88101,1,41.477011,-81.682383,NAD83,PM2.5 - Local Conditions,2025-04-04,00:00,2025-04-04,05:00,5.9,Micrograms/cubic meter (LC),105,24 HOUR,7,EVERY 3RD DAY,2,NA,NA,FRM,R & P Model 2025 PM-2.5 Sequential Air Sampler w/VSCC - Gravimetric,145,Ohio,Cuyahoga,2025-05-30,17460
39,035,0038,88101,1,41.477011,-81.682383,NAD83,PM2.5 - Local Conditions,2025-04-07,00:00,2025-04-07,05:00,6,Micrograms/cubic meter (LC),105,24 HOUR,7,EVERY 3RD DAY,2,NA,NA,FRM,R & P Model 2025 PM-2.5 Sequential Air Sampler w/VSCC - Gravimetric,145,Ohio,Cuyahoga,2025-05-30,17460
39,035,0038,88101,1,41.477011,-81.682383,NAD83,PM2.5 - Local Conditions,2025-04-10,00:00,2025-04-10,05:00,10.4,Micrograms/cubic meter (LC),105,24 HOUR,7,EVERY 3RD DAY,2,NA,NA,FRM,R & P Model 2025 PM-2.5 Sequential Air Sampler w/VSCC - Gravimetric,145,Ohio,Cuyahoga,2025-05-30,17460
39,035,0038,88101,1,41.477011,-81.682383,NAD83,PM2.5 - Local Conditions,2025-04-11,00:00,2025-04-11,05:00,7.4,Micrograms/cubic meter (LC),105,24 HOUR,7,EVERY 3RD DAY,2,NA,NA,FRM,R & P Model 2025 PM-2.5 Sequential Air Sampler w/VSCC - Gravimetric,145,Ohio,Cuyahoga,2025-05-30,17460
39,035,0038,88101,1,41.477011,-81.682383,NAD83,PM2.5 - Local Conditions,2025-04-13,00:00,2025-04-13,05:00,9.4,Micrograms/cubic meter (LC),105,24 HOUR,7,EVERY 3RD DAY,2,NA,NA,FRM,R & P Model 2025 PM-2.5 Sequential Air Sampler w/VSCC - Gravimetric,145,Ohio,Cuyahoga,2025-05-30,17460
39,035,0038,88101,1,41.477011,-81.682383,NAD83,PM2.5 - Local Conditions,2025-04-16,00:00,2025-04-16,05:00,3.6,Micrograms/cubic meter (LC),105,24 HOUR,7,EVERY 3RD DAY,2,NA,NA,FRM,R & P Model 2025 PM-2.5 Sequential Air Sampler w/VSCC - Gravimetric,145,Ohio,Cuyahoga,2025-05-30,17460
39,035,0038,88101,1,41.477011,-81.682383,NAD83,PM2.5 - Local Conditions,2025-04-19,00:00,2025-04-19,05:00,9.6,Micrograms/cubic meter (LC),105,24 HOUR,7,EVERY 3RD DAY,2,NA,NA,FRM,R & P Model 2025 PM-2.5 Sequential Air Sampler w/VSCC - Gravimetric,145,Ohio,Cuyahoga,2025-05-30,17460
39,035,0038,88101,1,41.477011,-81.682383,NAD83,PM2.5 - Local Conditions,2025-04-22,00:00,2025-04-22,05:00,3.8,Micrograms/cubic meter (LC),105,24 HOUR,7,EVERY 3RD DAY,2,NA,NA,FRM,R & P Model 2025 PM-2.5 Sequential Air Sampler w/VSCC - Gravimetric,145,Ohio,Cuyahoga,2025-05-30,17460
39,035,0038,88101,1,41.477011,-81.682383,NAD83,PM2.5 - Local Conditions,2025-04-25,00:00,2025-04-25,05:00,8.9,Micrograms/cubic meter (LC),105,24 HOUR,7,EVERY 3RD DAY,2,NA,NA,FRM,R & P Model 2025 PM-2.5 Sequential Air Sampler w/VSCC - Gravimetric,145,Ohio,Cuyahoga,2025-05-30,17460
39,035,0038,88101,1,41.477011,-81.682383,NAD83,PM2.5 - Local Conditions,2025-04-28,00:00,2025-04-28,05:00,10.3,Micrograms/cubic meter (LC),105,24 HOUR,7,EVERY 3RD DAY,2,NA,NA,FRM,R & P Model 2025 PM-2.5 Sequential Air Sampler w/VSCC - Gravimetric,145,Ohio,Cuyahoga,2025-05-30,17460
39,035,0038,88101,2,41.477011,-81.682383,NAD83,PM2.5 - Local Conditions,2025-01-01,00:00,2025-01-01,05:00,2.5,Micrograms/cubic meter (LC),105,24 HOUR,7,EVERY 3RD DAY,2,NA,NA,FRM,R & P Model 2025 PM-2.5 Sequential Air Sampler w/VSCC - Gravimetric,145,Ohio,Cuyahoga,2025-03-11,17460
39,035,0038,88101,2,41.477011,-81.682383,NAD83,PM2.5 - Local Conditions,2025-01-04,00:00,2025-01-04,05:00,3.3,Micrograms/cubic meter (LC),105,24 HOUR,7,EVERY 3RD DAY,2,NA,NA,FRM,R & P Model 2025 PM-2.5 Sequential Air Sampler w/VSCC - Gravimetric,145,Ohio,Cuyahoga,2025-03-11,17460
39,035,0038,88101,2,41.477011,-81.682383,NAD83,PM2.5 - Local Conditions,2025-01-07,00:00,2025-01-07,05:00,1.6,Micrograms/cubic meter (LC),105,24 HOUR,7,EVERY 3RD DAY,2,NA,NA,FRM,R & P Model 2025 PM-2.5 Sequential Air Sampler w/VSCC - Gravimetric,145,Ohio,Cuyahoga,2025-03-11,17460
39,035,0038,88101,2,41.477011,-81.682383,NAD83,PM2.5 - Local Conditions,2025-01-10,00:00,2025-01-10,05:00,25.3,Micrograms/cubic meter (LC),105,24 HOUR,7,EVERY 3RD DAY,2,NA,NA,FRM,R & P Model 2025 PM-2.5 Sequential Air Sampler w/VSCC - Gravimetric,145,Ohio,Cuyahoga,2025-03-11,17460
39,035,0038,88101,2,41.477011,-81.682383,NAD83,PM2.5 - Local Conditions,2025-01-13,00:00,2025-01-13,05:00,5.7,Micrograms/cubic meter (LC),105,24 HOUR,7,EVERY 3RD DAY,2,NA,NA,FRM,R & P Model 2025 PM-2.5 Sequential Air Sampler w/VSCC - Gravimetric,145,Ohio,Cuyahoga,2025-03-11,17460
39,035,0038,88101,2,41.477011,-81.682383,NAD83,PM2.5 - Local Conditions,2025-01-16,00:00,2025-01-16,05:00,17.6,Micrograms/cubic meter (LC),105,24 HOUR,7,EVERY 3RD DAY,2,NA,NA,FRM,R & P Model 2025 PM-2.5 Sequential Air Sampler w/VSCC - Gravimetric,145,Ohio,Cuyahoga,2025-03-11,17460
39,035,0038,88101,2,41.477011,-81.682383,NAD83,PM2.5 - Local Conditions,2025-01-19,00:00,2025-01-19,05:00,2,Micrograms/cubic meter (LC),105,24 HOUR,7,EVERY 3RD DAY,2,NA,NA,FRM,R & P Model 2025 PM-2.5 Sequential Air Sampler w/VSCC - Gravimetric,145,Ohio,Cuyahoga,2025-03-11,17460
39,035,0038,88101,2,41.477011,-81.682383,NAD83,PM2.5 - Local Conditions,2025-01-22,00:00,2025-01-22,05:00,12.5,Micrograms/cubic meter (LC),105,24 HOUR,7,EVERY 3RD DAY,2,NA,NA,FRM,R & P Model 2025 PM-2.5 Sequential Air Sampler w/VSCC - Gravimetric,145,Ohio,Cuyahoga,2025-03-11,17460
39,035,0038,88101,2,41.477011,-81.682383,NAD83,PM2.5 - Local Conditions,2025-01-25,00:00,2025-01-25,05:00,14.7,Micrograms/cubic meter (LC),105,24 HOUR,7,EVERY 3RD DAY,2,NA,NA,FRM,R & P Model 2025 PM-2.5 Sequential Air Sampler w/VSCC - Gravimetric,145,Ohio,Cuyahoga,2025-03-11,17460
39,035,0038,88101,2,41.477011,-81.682383,NAD83,PM2.5 - Local Conditions,2025-01-28,00:00,2025-01-28,05:00,5.2,Micrograms/cubic meter (LC),105,24 HOUR,7,EVERY 3RD DAY,2,NA,NA,FRM,R & P Model 2025 PM-2.5 Sequential Air Sampler w/VSCC - Gravimetric,145,Ohio,Cuyahoga,2025-03-11,17460
39,035,0038,88101,2,41.477011,-81.682383,NAD83,PM2.5 - Local Conditions,2025-01-31,00:00,2025-01-31,05:00,15.2,Micrograms/cubic meter (LC),105,24 HOUR,7,EVERY 3RD DAY,2,NA,NA,FRM,R & P Model 2025 PM-2.5 Sequential Air Sampler w/VSCC - Gravimetric,145,Ohio,Cuyahoga,2025-03-11,17460
39,035,0038,88101,2,41.477011,-81.682383,NAD83,PM2.5 - Local Conditions,2025-02-03,00:00,2025-02-03,05:00,17.6,Micrograms/cubic meter (LC),105,24 HOUR,7,EVERY 3RD DAY,2,NA,NA,FRM,R & P Model 2025 PM-2.5 Sequential Air Sampler w/VSCC - Gravimetric,145,Ohio,Cuyahoga,2025-04-04,17460
39,035,0038,88101,2,41.477011,-81.682383,NAD83,PM2.5 - Local Conditions,2025-02-06,00:00,2025-02-06,05:00,8.6,Micrograms/cubic meter (LC),105,24 HOUR,7,EVERY 3RD DAY,2,NA,NA,FRM,R & P Model 2025 PM-2.5 Sequential Air Sampler w/VSCC - Gravimetric,145,Ohio,Cuyahoga,2025-04-04,17460
39,035,0038,88101,2,41.477011,-81.682383,NAD83,PM2.5 - Local Conditions,2025-02-09,00:00,2025-02-09,05:00,8,Micrograms/cubic meter (LC),105,24 HOUR,7,EVERY 3RD DAY,2,NA,NA,FRM,R & P Model 2025 PM-2.5 Sequential Air Sampler w/VSCC - Gravimetric,145,Ohio,Cuyahoga,2025-04-04,17460
39,035,0038,88101,2,41.477011,-81.682383,NAD83,PM2.5 - Local Conditions,2025-02-12,00:00,2025-02-12,05:00,16.9,Micrograms/cubic meter (LC),105,24 HOUR,7,EVERY 3RD DAY,2,NA,NA,FRM,R & P Model 2025 PM-2.5 Sequential Air Sampler w/VSCC - Gravimetric,145,Ohio,Cuyahoga,2025-04-04,17460
39,035,0038,88101,2,41.477011,-81.682383,NAD83,PM2.5 - Local Conditions,2025-02-15,00:00,2025-02-15,05:00,13.5,Micrograms/cubic meter (LC),105,24 HOUR,7,EVERY 3RD DAY,2,NA,NA,FRM,R & P Model 2025 PM-2.5 Sequential Air Sampler w/VSCC - Gravimetric,145,Ohio,Cuyahoga,2025-04-04,17460
39,035,0038,88101,2,41.477011,-81.682383,NAD83,PM2.5 - Local Conditions,2025-02-18,00:00,2025-02-18,05:00,5,Micrograms/cubic meter (LC),105,24 HOUR,7,EVERY 3RD DAY,2,NA,NA,FRM,R & P Model 2025 PM-2.5 Sequential Air Sampler w/VSCC - Gravimetric,145,Ohio,Cuyahoga,2025-04-04,17460
39,035,0038,88101,2,41.477011,-81.682383,NAD83,PM2.5 - Local Conditions,2025-02-21,00:00,2025-02-21,05:00,4.7,Micrograms/cubic meter (LC),105,24 HOUR,7,EVERY 3RD DAY,2,NA,NA,FRM,R & P Model 2025 PM-2.5 Sequential Air Sampler w/VSCC - Gravimetric,145,Ohio,Cuyahoga,2025-04-04,17460
39,035,0038,88101,2,41.477011,-81.682383,NAD83,PM2.5 - Local Conditions,2025-02-24,00:00,2025-02-24,05:00,12.5,Micrograms/cubic meter (LC),105,24 HOUR,7,EVERY 3RD DAY,2,NA,NA,FRM,R & P Model 2025 PM-2.5 Sequential Air Sampler w/VSCC - Gravimetric,145,Ohio,Cuyahoga,2025-04-04,17460
39,035,0038,88101,2,41.477011,-81.682383,NAD83,PM2.5 - Local Conditions,2025-02-27,00:00,2025-02-27,05:00,14.5,Micrograms/cubic meter (LC),105,24 HOUR,7,EVERY 3RD DAY,2,NA,NA,FRM,R & P Model 2025 PM-2.5 Sequential Air Sampler w/VSCC - Gravimetric,145,Ohio,Cuyahoga,2025-04-04,17460
39,035,0038,88101,2,41.477011,-81.682383,NAD83,PM2.5 - Local Conditions,2025-03-02,00:00,2025-03-02,05:00,2.9,Micrograms/cubic meter (LC),105,24 HOUR,7,EVERY 3RD DAY,2,NA,NA,FRM,R & P Model 2025 PM-2.5 Sequential Air Sampler w/VSCC - Gravimetric,145,Ohio,Cuyahoga,2025-04-30,17460
39,035,0038,88101,2,41.477011,-81.682383,NAD83,PM2.5 - Local Conditions,2025-03-05,00:00,2025-03-05,05:00,4.8,Micrograms/cubic meter (LC),105,24 HOUR,7,EVERY 3RD DAY,2,NA,NA,FRM,R & P Model 2025 PM-2.5 Sequential Air Sampler w/VSCC - Gravimetric,145,Ohio,Cuyahoga,2025-04-30,17460
39,035,0038,88101,2,41.477011,-81.682383,NAD83,PM2.5 - Local Conditions,2025-03-08,00:00,2025-03-08,05:00,3.1,Micrograms/cubic meter (LC),105,24 HOUR,7,EVERY 3RD DAY,2,NA,NA,FRM,R & P Model 2025 PM-2.5 Sequential Air Sampler w/VSCC - Gravimetric,145,Ohio,Cuyahoga,2025-04-30,17460
39,035,0038,88101,2,41.477011,-81.682383,NAD83,PM2.5 - Local Conditions,2025-03-11,00:00,2025-03-11,05:00,NA,Micrograms/cubic meter (LC),105,24 HOUR,7,EVERY 3RD DAY,2,NA,AN - Machine Malfunction.,FRM,R & P Model 2025 PM-2.5 Sequential Air Sampler w/VSCC - Gravimetric,145,Ohio,Cuyahoga,2025-04-30,17460
39,035,0038,88101,2,41.477011,-81.682383,NAD83,PM2.5 - Local Conditions,2025-03-14,00:00,2025-03-14,05:00,17.4,Micrograms/cubic meter (LC),105,24 HOUR,7,EVERY 3RD DAY,2,NA,NA,FRM,R & P Model 2025 PM-2.5 Sequential Air Sampler w/VSCC - Gravimetric,145,Ohio,Cuyahoga,2025-04-30,17460
39,035,0038,88101,2,41.477011,-81.682383,NAD83,PM2.5 - Local Conditions,2025-03-17,00:00,2025-03-17,05:00,3.7,Micrograms/cubic meter (LC),105,24 HOUR,7,EVERY 3RD DAY,2,NA,NA,FRM,R & P Model 2025 PM-2.5 Sequential Air Sampler w/VSCC - Gravimetric,145,Ohio,Cuyahoga,2025-04-30,17460
39,035,0038,88101,2,41.477011,-81.682383,NAD83,PM2.5 - Local Conditions,2025-03-20,00:00,2025-03-20,05:00,6,Micrograms/cubic meter (LC),105,24 HOUR,7,EVERY 3RD DAY,2,NA,NA,FRM,R & P Model 2025 PM-2.5 Sequential Air Sampler w/VSCC - Gravimetric,145,Ohio,Cuyahoga,2025-04-30,17460
39,035,0038,88101,2,41.477011,-81.682383,NAD83,PM2.5 - Local Conditions,2025-03-23,00:00,2025-03-23,05:00,7.4,Micrograms/cubic meter (LC),105,24 HOUR,7,EVERY 3RD DAY,2,NA,NA,FRM,R & P Model 2025 PM-2.5 Sequential Air Sampler w/VSCC - Gravimetric,145,Ohio,Cuyahoga,2025-04-30,17460
39,035,0038,88101,2,41.477011,-81.682383,NAD83,PM2.5 - Local Conditions,2025-03-26,00:00,2025-03-26,05:00,5.1,Micrograms/cubic meter (LC),105,24 HOUR,7,EVERY 3RD DAY,2,NA,NA,FRM,R & P Model 2025 PM-2.5 Sequential Air Sampler w/VSCC - Gravimetric,145,Ohio,Cuyahoga,2025-04-30,17460
39,035,0038,88101,2,41.477011,-81.682383,NAD83,PM2.5 - Local Conditions,2025-03-29,00:00,2025-03-29,05:00,14.8,Micrograms/cubic meter (LC),105,24 HOUR,7,EVERY 3RD DAY,2,NA,NA,FRM,R & P Model 2025 PM-2.5 Sequential Air Sampler w/VSCC - Gravimetric,145,Ohio,Cuyahoga,2025-04-30,17460
39,035,0038,88101,2,41.477011,-81.682383,NAD83,PM2.5 - Local Conditions,2025-04-01,00:00,2025-04-01,05:00,4.5,Micrograms/cubic meter (LC),105,24 HOUR,7,EVERY 3RD DAY,2,NA,NA,FRM,R & P Model 2025 PM-2.5 Sequential Air Sampler w/VSCC - Gravimetric,145,Ohio,Cuyahoga,2025-05-30,17460
39,035,0038,88101,2,41.477011,-81.682383,NAD83,PM2.5 - Local Conditions,2025-04-04,00:00,2025-04-04,05:00,5.9,Micrograms/cubic meter (LC),105,24 HOUR,7,EVERY 3RD DAY,2,NA,NA,FRM,R & P Model 2025 PM-2.5 Sequential Air Sampler w/VSCC - Gravimetric,145,Ohio,Cuyahoga,2025-05-30,17460
39,035,0038,88101,2,41.477011,-81.682383,NAD83,PM2.5 - Local Conditions,2025-04-07,00:00,2025-04-07,05:00,8.6,Micrograms/cubic meter (LC),105,24 HOUR,7,EVERY 3RD DAY,2,NA,NA,FRM,R & P Model 2025 PM-2.5 Sequential Air Sampler w/VSCC - Gravimetric,145,Ohio,Cuyahoga,2025-05-30,17460
39,035,0038,88101,2,41.477011,-81.682383,NAD83,PM2.5 - Local Conditions,2025-04-10,00:00,2025-04-10,05:00,NA,Micrograms/cubic meter (LC),105,24 HOUR,7,EVERY 3RD DAY,2,NA,AN - Machine Malfunction.,FRM,R & P Model 2025 PM-2.5 Sequential Air Sampler w/VSCC - Gravimetric,145,Ohio,Cuyahoga,2025-05-30,17460
39,035,0038,88101,2,41.477011,-81.682383,NAD83,PM2.5 - Local Conditions,2025-04-11,00:00,2025-04-11,05:00,6.7,Micrograms/cubic meter (LC),105,24 HOUR,7,EVERY 3RD DAY,2,NA,NA,FRM,R & P Model 2025 PM-2.5 Sequential Air Sampler w/VSCC - Gravimetric,145,Ohio,Cuyahoga,2025-05-30,17460
39,035,0038,88101,2,41.477011,-81.682383,NAD83,PM2.5 - Local Conditions,2025-04-13,00:00,2025-04-13,05:00,8.5,Micrograms/cubic meter (LC),105,24 HOUR,7,EVERY 3RD DAY,2,NA,NA,FRM,R & P Model 2025 PM-2.5 Sequential Air Sampler w/VSCC - Gravimetric,145,Ohio,Cuyahoga,2025-05-30,17460
39,035,0038,88101,2,41.477011,-81.682383,NAD83,PM2.5 - Local Conditions,2025-04-16,00:00,2025-04-16,05:00,3.6,Micrograms/cubic meter (LC),105,24 HOUR,7,EVERY 3RD DAY,2,NA,NA,FRM,R & P Model 2025 PM-2.5 Sequential Air Sampler w/VSCC - Gravimetric,145,Ohio,Cuyahoga,2025-05-30,17460
39,035,0038,88101,2,41.477011,-81.682383,NAD83,PM2.5 - Local Conditions,2025-04-19,00:00,2025-04-19,05:00,9.2,Micrograms/cubic meter (LC),105,24 HOUR,7,EVERY 3RD DAY,2,NA,NA,FRM,R & P Model 2025 PM-2.5 Sequential Air Sampler w/VSCC - Gravimetric,145,Ohio,Cuyahoga,2025-05-30,17460
39,035,0038,88101,2,41.477011,-81.682383,NAD83,PM2.5 - Local Conditions,2025-04-22,00:00,2025-04-22,05:00,7.9,Micrograms/cubic meter (LC),105,24 HOUR,7,EVERY 3RD DAY,2,NA,NA,FRM,R & P Model 2025 PM-2.5 Sequential Air Sampler w/VSCC - Gravimetric,145,Ohio,Cuyahoga,2025-05-30,17460
39,035,0038,88101,2,41.477011,-81.682383,NAD83,PM2.5 - Local Conditions,2025-04-25,00:00,2025-04-25,05:00,9,Micrograms/cubic meter (LC),105,24 HOUR,7,EVERY 3RD DAY,2,NA,NA,FRM,R & P Model 2025 PM-2.5 Sequential Air Sampler w/VSCC - Gravimetric,145,Ohio,Cuyahoga,2025-05-30,17460
39,035,0038,88101,2,41.477011,-81.682383,NAD83,PM2.5 - Local Conditions,2025-04-28,00:00,2025-04-28,05:00,12,Micrograms/cubic meter (LC),105,24 HOUR,7,EVERY 3RD DAY,2,NA,NA,FRM,R & P Model 2025 PM-2.5 Sequential Air Sampler w/VSCC - Gravimetric,145,Ohio,Cuyahoga,2025-05-30,17460
